-- MySQL dump 10.13  Distrib 8.0.20, for Win64 (x86_64)
--
-- Host: localhost    Database: hrsys
-- ------------------------------------------------------
-- Server version	5.7.30-log

/*!40101 SET @OLD_CHARACTER_SET_CLIENT=@@CHARACTER_SET_CLIENT */;
/*!40101 SET @OLD_CHARACTER_SET_RESULTS=@@CHARACTER_SET_RESULTS */;
/*!40101 SET @OLD_COLLATION_CONNECTION=@@COLLATION_CONNECTION */;
/*!50503 SET NAMES utf8 */;
/*!40103 SET @OLD_TIME_ZONE=@@TIME_ZONE */;
/*!40103 SET TIME_ZONE='+00:00' */;
/*!40014 SET @OLD_UNIQUE_CHECKS=@@UNIQUE_CHECKS, UNIQUE_CHECKS=0 */;
/*!40014 SET @OLD_FOREIGN_KEY_CHECKS=@@FOREIGN_KEY_CHECKS, FOREIGN_KEY_CHECKS=0 */;
/*!40101 SET @OLD_SQL_MODE=@@SQL_MODE, SQL_MODE='NO_AUTO_VALUE_ON_ZERO' */;
/*!40111 SET @OLD_SQL_NOTES=@@SQL_NOTES, SQL_NOTES=0 */;

--
-- Table structure for table `attendance`
--

DROP TABLE IF EXISTS `attendance`;
/*!40101 SET @saved_cs_client     = @@character_set_client */;
/*!50503 SET character_set_client = utf8mb4 */;
CREATE TABLE `attendance` (
  `attendance_id` int(11) NOT NULL AUTO_INCREMENT,
  `attendance_date` date DEFAULT NULL COMMENT '打卡日期\n',
  `employee_id` int(11) NOT NULL,
  `isLeave` tinyint(4) DEFAULT NULL COMMENT '是否请假',
  `clock_in` time DEFAULT NULL COMMENT '上班打卡时间',
  `clock_out` time DEFAULT NULL COMMENT '下班打卡时间\n',
  PRIMARY KEY (`attendance_id`)
) ENGINE=InnoDB AUTO_INCREMENT=311 DEFAULT CHARSET=utf8;
/*!40101 SET character_set_client = @saved_cs_client */;

--
-- Dumping data for table `attendance`
--

LOCK TABLES `attendance` WRITE;
/*!40000 ALTER TABLE `attendance` DISABLE KEYS */;
INSERT INTO `attendance` VALUES (1,'2020-01-01',1,2,'08:23:00','20:34:00'),(2,'2020-01-02',1,1,'07:32:00','20:04:00'),(3,'2020-01-03',1,2,'07:42:00','18:27:00'),(4,'2020-01-04',1,2,'07:28:00','19:51:00'),(5,'2020-01-05',1,2,'08:35:00','17:55:00'),(6,'2020-01-06',1,2,'07:40:00','18:11:00'),(7,'2020-01-07',1,2,'08:27:00','18:20:00'),(8,'2020-01-08',1,2,'07:37:00','17:02:00'),(9,'2020-01-09',1,2,'07:41:00','17:51:00'),(10,'2020-01-10',1,2,'08:27:00','20:41:00'),(11,'2020-01-11',1,2,'07:31:00','17:35:00'),(12,'2020-01-12',1,1,'07:56:00','18:50:00'),(13,'2020-01-13',1,2,'07:26:00','18:57:00'),(14,'2020-01-14',1,2,'08:46:00','17:06:00'),(15,'2020-01-15',1,2,'08:24:00','17:24:00'),(16,'2020-01-16',1,2,'08:36:00','19:09:00'),(17,'2020-01-17',1,2,'07:22:00','19:42:00'),(18,'2020-01-18',1,2,'08:24:00','17:34:00'),(19,'2020-01-19',1,2,'07:26:00','19:02:00'),(20,'2020-01-20',1,2,'07:27:00','17:06:00'),(21,'2020-01-21',1,2,'07:45:00','18:44:00'),(22,'2020-01-22',1,2,'08:26:00','18:45:00'),(23,'2020-01-23',1,2,'07:30:00','18:44:00'),(24,'2020-01-24',1,2,'08:02:00','19:33:00'),(25,'2020-01-25',1,2,'08:03:00','19:44:00'),(26,'2020-01-26',1,2,'07:20:00','17:19:00'),(27,'2020-01-27',1,2,'08:14:00','20:18:00'),(28,'2020-01-28',1,1,'08:07:00','17:10:00'),(29,'2020-01-29',1,2,'07:41:00','17:50:00'),(30,'2020-01-30',1,2,'08:25:00','20:27:00'),(31,'2020-01-31',1,2,'07:36:00','19:34:00'),(32,'2020-01-01',2,2,'08:45:00','19:06:00'),(33,'2020-01-02',2,2,'07:43:00','19:28:00'),(34,'2020-01-03',2,1,'08:04:00','17:34:00'),(35,'2020-01-04',2,2,'08:39:00','19:32:00'),(36,'2020-01-05',2,2,'07:59:00','17:19:00'),(37,'2020-01-06',2,1,'07:49:00','18:03:00'),(38,'2020-01-07',2,2,'08:08:00','19:33:00'),(39,'2020-01-08',2,2,'08:01:00','19:22:00'),(40,'2020-01-09',2,2,'08:11:00','19:13:00'),(41,'2020-01-10',2,2,'08:18:00','19:55:00'),(42,'2020-01-11',2,2,'08:35:00','17:24:00'),(43,'2020-01-12',2,2,'08:16:00','17:50:00'),(44,'2020-01-13',2,2,'07:54:00','19:35:00'),(45,'2020-01-14',2,2,'08:39:00','17:55:00'),(46,'2020-01-15',2,2,'08:21:00','17:12:00'),(47,'2020-01-16',2,2,'08:28:00','20:43:00'),(48,'2020-01-17',2,2,'08:48:00','17:08:00'),(49,'2020-01-18',2,2,'07:27:00','18:57:00'),(50,'2020-01-19',2,2,'07:35:00','20:31:00'),(51,'2020-01-20',2,2,'07:44:00','19:53:00'),(52,'2020-01-21',2,2,'08:27:00','20:50:00'),(53,'2020-01-22',2,2,'07:39:00','19:16:00'),(54,'2020-01-23',2,2,'07:22:00','19:07:00'),(55,'2020-01-24',2,1,'07:50:00','17:47:00'),(56,'2020-01-25',2,1,'08:47:00','19:19:00'),(57,'2020-01-26',2,1,'08:36:00','19:15:00'),(58,'2020-01-27',2,2,'08:11:00','20:00:00'),(59,'2020-01-28',2,2,'08:24:00','17:26:00'),(60,'2020-01-29',2,2,'08:23:00','17:41:00'),(61,'2020-01-30',2,2,'07:41:00','17:43:00'),(62,'2020-01-31',2,2,'07:44:00','18:54:00'),(63,'2020-01-01',3,2,'07:32:00','17:18:00'),(64,'2020-01-02',3,2,'07:45:00','17:06:00'),(65,'2020-01-03',3,2,'07:24:00','19:57:00'),(66,'2020-01-04',3,2,'07:48:00','18:47:00'),(67,'2020-01-05',3,2,'08:03:00','17:20:00'),(68,'2020-01-06',3,2,'08:03:00','17:54:00'),(69,'2020-01-07',3,2,'07:28:00','19:14:00'),(70,'2020-01-08',3,1,'07:58:00','18:23:00'),(71,'2020-01-09',3,2,'08:33:00','18:22:00'),(72,'2020-01-10',3,2,'07:54:00','17:09:00'),(73,'2020-01-11',3,2,'07:38:00','18:37:00'),(74,'2020-01-12',3,2,'07:22:00','20:54:00'),(75,'2020-01-13',3,2,'07:28:00','20:57:00'),(76,'2020-01-14',3,1,'07:44:00','19:25:00'),(77,'2020-01-15',3,1,'07:37:00','17:19:00'),(78,'2020-01-16',3,2,'07:20:00','20:46:00'),(79,'2020-01-17',3,1,'08:11:00','18:17:00'),(80,'2020-01-18',3,1,'07:27:00','20:37:00'),(81,'2020-01-19',3,2,'07:36:00','18:49:00'),(82,'2020-01-20',3,2,'08:17:00','17:30:00'),(83,'2020-01-21',3,2,'08:46:00','18:26:00'),(84,'2020-01-22',3,2,'07:44:00','19:21:00'),(85,'2020-01-23',3,2,'07:58:00','19:07:00'),(86,'2020-01-24',3,1,'07:40:00','20:49:00'),(87,'2020-01-25',3,2,'07:40:00','20:29:00'),(88,'2020-01-26',3,2,'07:48:00','17:50:00'),(89,'2020-01-27',3,2,'07:41:00','19:55:00'),(90,'2020-01-28',3,2,'08:07:00','20:40:00'),(91,'2020-01-29',3,2,'07:39:00','18:35:00'),(92,'2020-01-30',3,2,'08:32:00','20:15:00'),(93,'2020-01-31',3,2,'08:20:00','17:09:00'),(94,'2020-01-01',4,2,'08:04:00','17:51:00'),(95,'2020-01-02',4,2,'08:46:00','17:47:00'),(96,'2020-01-03',4,2,'07:50:00','18:14:00'),(97,'2020-01-04',4,2,'08:00:00','18:15:00'),(98,'2020-01-05',4,2,'07:42:00','19:13:00'),(99,'2020-01-06',4,2,'07:38:00','20:03:00'),(100,'2020-01-07',4,2,'08:14:00','17:57:00'),(101,'2020-01-08',4,2,'08:18:00','20:37:00'),(102,'2020-01-09',4,2,'07:28:00','18:02:00'),(103,'2020-01-10',4,2,'08:26:00','17:08:00'),(104,'2020-01-11',4,2,'07:59:00','20:19:00'),(105,'2020-01-12',4,1,'08:29:00','18:20:00'),(106,'2020-01-13',4,2,'08:35:00','19:23:00'),(107,'2020-01-14',4,2,'08:07:00','18:26:00'),(108,'2020-01-15',4,2,'08:20:00','20:12:00'),(109,'2020-01-16',4,2,'08:43:00','17:18:00'),(110,'2020-01-17',4,2,'08:15:00','17:31:00'),(111,'2020-01-18',4,2,'07:51:00','17:01:00'),(112,'2020-01-19',4,2,'08:31:00','19:39:00'),(113,'2020-01-20',4,1,'08:06:00','17:19:00'),(114,'2020-01-21',4,2,'08:04:00','18:29:00'),(115,'2020-01-22',4,2,'08:38:00','17:01:00'),(116,'2020-01-23',4,2,'07:33:00','18:28:00'),(117,'2020-01-24',4,2,'08:07:00','17:49:00'),(118,'2020-01-25',4,2,'08:28:00','18:51:00'),(119,'2020-01-26',4,2,'07:52:00','17:42:00'),(120,'2020-01-27',4,1,'08:45:00','17:21:00'),(121,'2020-01-28',4,1,'08:47:00','19:22:00'),(122,'2020-01-29',4,2,'07:46:00','20:36:00'),(123,'2020-01-30',4,2,'07:29:00','17:50:00'),(124,'2020-01-31',4,2,'07:45:00','20:17:00'),(125,'2020-01-01',5,2,'07:54:00','19:22:00'),(126,'2020-01-02',5,2,'07:57:00','18:29:00'),(127,'2020-01-03',5,2,'08:28:00','17:27:00'),(128,'2020-01-04',5,2,'07:32:00','17:12:00'),(129,'2020-01-05',5,2,'07:59:00','17:10:00'),(130,'2020-01-06',5,2,'08:41:00','20:21:00'),(131,'2020-01-07',5,2,'07:45:00','18:35:00'),(132,'2020-01-08',5,2,'07:54:00','18:12:00'),(133,'2020-01-09',5,1,'08:29:00','18:35:00'),(134,'2020-01-10',5,2,'07:42:00','19:36:00'),(135,'2020-01-11',5,2,'08:36:00','17:00:00'),(136,'2020-01-12',5,2,'08:15:00','19:51:00'),(137,'2020-01-13',5,2,'08:48:00','19:02:00'),(138,'2020-01-14',5,2,'08:36:00','17:52:00'),(139,'2020-01-15',5,1,'08:06:00','18:23:00'),(140,'2020-01-16',5,2,'07:48:00','20:50:00'),(141,'2020-01-17',5,2,'07:51:00','20:48:00'),(142,'2020-01-18',5,2,'07:33:00','18:03:00'),(143,'2020-01-19',5,2,'08:16:00','19:17:00'),(144,'2020-01-20',5,2,'07:51:00','20:20:00'),(145,'2020-01-21',5,2,'08:15:00','17:08:00'),(146,'2020-01-22',5,1,'08:14:00','20:43:00'),(147,'2020-01-23',5,2,'08:49:00','19:36:00'),(148,'2020-01-24',5,2,'08:45:00','20:18:00'),(149,'2020-01-25',5,2,'07:51:00','17:19:00'),(150,'2020-01-26',5,2,'07:35:00','17:53:00'),(151,'2020-01-27',5,2,'07:21:00','20:43:00'),(152,'2020-01-28',5,2,'08:49:00','19:10:00'),(153,'2020-01-29',5,2,'08:20:00','17:03:00'),(154,'2020-01-30',5,2,'07:57:00','18:22:00'),(155,'2020-01-31',5,2,'08:00:00','18:52:00'),(156,'2020-01-01',6,2,'08:12:00','19:14:00'),(157,'2020-01-02',6,2,'07:44:00','19:46:00'),(158,'2020-01-03',6,2,'07:25:00','17:53:00'),(159,'2020-01-04',6,2,'07:50:00','19:13:00'),(160,'2020-01-05',6,1,'07:21:00','19:20:00'),(161,'2020-01-06',6,1,'08:19:00','18:29:00'),(162,'2020-01-07',6,2,'08:46:00','18:34:00'),(163,'2020-01-08',6,2,'08:44:00','20:33:00'),(164,'2020-01-09',6,2,'07:49:00','17:42:00'),(165,'2020-01-10',6,1,'08:48:00','17:26:00'),(166,'2020-01-11',6,2,'07:49:00','19:51:00'),(167,'2020-01-12',6,2,'07:21:00','20:57:00'),(168,'2020-01-13',6,2,'07:36:00','17:37:00'),(169,'2020-01-14',6,2,'08:42:00','20:59:00'),(170,'2020-01-15',6,2,'08:47:00','17:20:00'),(171,'2020-01-16',6,2,'08:24:00','19:47:00'),(172,'2020-01-17',6,1,'08:37:00','17:27:00'),(173,'2020-01-18',6,2,'08:48:00','20:31:00'),(174,'2020-01-19',6,2,'07:54:00','18:05:00'),(175,'2020-01-20',6,1,'08:08:00','17:20:00'),(176,'2020-01-21',6,2,'07:21:00','20:10:00'),(177,'2020-01-22',6,2,'08:12:00','18:33:00'),(178,'2020-01-23',6,2,'08:12:00','18:07:00'),(179,'2020-01-24',6,1,'08:10:00','18:14:00'),(180,'2020-01-25',6,2,'07:35:00','17:36:00'),(181,'2020-01-26',6,2,'08:02:00','17:09:00'),(182,'2020-01-27',6,2,'07:56:00','18:37:00'),(183,'2020-01-28',6,2,'08:44:00','20:02:00'),(184,'2020-01-29',6,2,'08:29:00','17:10:00'),(185,'2020-01-30',6,2,'07:26:00','19:27:00'),(186,'2020-01-31',6,2,'08:49:00','17:25:00'),(187,'2020-01-01',7,2,'08:42:00','17:47:00'),(188,'2020-01-02',7,2,'07:32:00','17:10:00'),(189,'2020-01-03',7,2,'07:49:00','17:15:00'),(190,'2020-01-04',7,2,'08:40:00','17:43:00'),(191,'2020-01-05',7,1,'08:05:00','19:27:00'),(192,'2020-01-06',7,2,'07:26:00','20:23:00'),(193,'2020-01-07',7,1,'08:34:00','20:29:00'),(194,'2020-01-08',7,2,'08:14:00','18:53:00'),(195,'2020-01-09',7,2,'08:06:00','17:19:00'),(196,'2020-01-10',7,2,'08:48:00','20:44:00'),(197,'2020-01-11',7,1,'07:32:00','20:56:00'),(198,'2020-01-12',7,2,'08:44:00','18:18:00'),(199,'2020-01-13',7,2,'07:54:00','20:46:00'),(200,'2020-01-14',7,2,'07:54:00','20:12:00'),(201,'2020-01-15',7,2,'07:20:00','18:22:00'),(202,'2020-01-16',7,2,'08:34:00','18:52:00'),(203,'2020-01-17',7,1,'08:06:00','19:46:00'),(204,'2020-01-18',7,2,'07:24:00','20:32:00'),(205,'2020-01-19',7,2,'08:38:00','18:36:00'),(206,'2020-01-20',7,2,'08:33:00','19:41:00'),(207,'2020-01-21',7,1,'07:42:00','20:38:00'),(208,'2020-01-22',7,1,'08:24:00','20:17:00'),(209,'2020-01-23',7,2,'08:17:00','17:25:00'),(210,'2020-01-24',7,2,'07:50:00','19:34:00'),(211,'2020-01-25',7,2,'07:51:00','20:36:00'),(212,'2020-01-26',7,1,'08:02:00','17:11:00'),(213,'2020-01-27',7,2,'07:21:00','18:26:00'),(214,'2020-01-28',7,2,'07:54:00','17:19:00'),(215,'2020-01-29',7,1,'07:56:00','20:48:00'),(216,'2020-01-30',7,2,'07:57:00','20:24:00'),(217,'2020-01-31',7,2,'07:32:00','18:11:00'),(218,'2020-01-01',8,2,'07:36:00','18:42:00'),(219,'2020-01-02',8,2,'08:14:00','18:50:00'),(220,'2020-01-03',8,1,'08:13:00','18:33:00'),(221,'2020-01-04',8,2,'08:49:00','18:28:00'),(222,'2020-01-05',8,1,'07:51:00','17:59:00'),(223,'2020-01-06',8,2,'08:24:00','19:53:00'),(224,'2020-01-07',8,2,'07:22:00','19:12:00'),(225,'2020-01-08',8,2,'07:49:00','20:19:00'),(226,'2020-01-09',8,2,'07:35:00','17:54:00'),(227,'2020-01-10',8,2,'08:34:00','20:00:00'),(228,'2020-01-11',8,2,'07:38:00','20:47:00'),(229,'2020-01-12',8,2,'07:51:00','20:53:00'),(230,'2020-01-13',8,2,'08:06:00','17:06:00'),(231,'2020-01-14',8,2,'07:58:00','17:14:00'),(232,'2020-01-15',8,2,'07:45:00','17:57:00'),(233,'2020-01-16',8,2,'07:44:00','18:05:00'),(234,'2020-01-17',8,2,'08:12:00','20:42:00'),(235,'2020-01-18',8,1,'07:21:00','17:53:00'),(236,'2020-01-19',8,2,'07:24:00','17:07:00'),(237,'2020-01-20',8,2,'07:21:00','19:34:00'),(238,'2020-01-21',8,2,'07:53:00','17:27:00'),(239,'2020-01-22',8,2,'08:24:00','20:19:00'),(240,'2020-01-23',8,2,'08:43:00','18:48:00'),(241,'2020-01-24',8,2,'08:33:00','20:04:00'),(242,'2020-01-25',8,1,'08:38:00','20:21:00'),(243,'2020-01-26',8,2,'07:33:00','18:29:00'),(244,'2020-01-27',8,2,'07:24:00','20:22:00'),(245,'2020-01-28',8,2,'08:18:00','17:01:00'),(246,'2020-01-29',8,2,'08:34:00','18:16:00'),(247,'2020-01-30',8,2,'08:05:00','19:38:00'),(248,'2020-01-31',8,2,'08:43:00','20:35:00'),(249,'2020-01-01',9,2,'07:48:00','17:19:00'),(250,'2020-01-02',9,2,'07:27:00','18:18:00'),(251,'2020-01-03',9,2,'07:33:00','19:10:00'),(252,'2020-01-04',9,2,'07:45:00','18:47:00'),(253,'2020-01-05',9,2,'08:27:00','19:14:00'),(254,'2020-01-06',9,2,'08:35:00','19:45:00'),(255,'2020-01-07',9,1,'08:43:00','20:24:00'),(256,'2020-01-08',9,2,'07:35:00','19:41:00'),(257,'2020-01-09',9,2,'07:28:00','17:30:00'),(258,'2020-01-10',9,1,'07:27:00','19:40:00'),(259,'2020-01-11',9,2,'08:36:00','20:29:00'),(260,'2020-01-12',9,1,'08:25:00','17:23:00'),(261,'2020-01-13',9,2,'07:33:00','18:39:00'),(262,'2020-01-14',9,2,'07:48:00','18:03:00'),(263,'2020-01-15',9,2,'08:03:00','17:10:00'),(264,'2020-01-16',9,2,'08:34:00','17:04:00'),(265,'2020-01-17',9,2,'08:25:00','19:25:00'),(266,'2020-01-18',9,1,'08:33:00','20:23:00'),(267,'2020-01-19',9,2,'07:36:00','17:21:00'),(268,'2020-01-20',9,2,'07:27:00','17:59:00'),(269,'2020-01-21',9,2,'07:27:00','20:04:00'),(270,'2020-01-22',9,2,'07:57:00','17:51:00'),(271,'2020-01-23',9,2,'08:19:00','18:32:00'),(272,'2020-01-24',9,1,'08:35:00','17:02:00'),(273,'2020-01-25',9,2,'08:47:00','19:21:00'),(274,'2020-01-26',9,2,'07:46:00','18:27:00'),(275,'2020-01-27',9,2,'08:10:00','17:20:00'),(276,'2020-01-28',9,2,'07:50:00','20:24:00'),(277,'2020-01-29',9,2,'08:36:00','17:31:00'),(278,'2020-01-30',9,2,'07:45:00','19:17:00'),(279,'2020-01-31',9,1,'08:21:00','18:08:00'),(280,'2020-01-01',10,2,'07:45:00','20:38:00'),(281,'2020-01-02',10,2,'07:26:00','17:31:00'),(282,'2020-01-03',10,2,'08:36:00','17:59:00'),(283,'2020-01-04',10,1,'08:48:00','18:37:00'),(284,'2020-01-05',10,1,'07:20:00','20:02:00'),(285,'2020-01-06',10,2,'08:45:00','18:47:00'),(286,'2020-01-07',10,2,'08:28:00','20:52:00'),(287,'2020-01-08',10,2,'08:22:00','20:59:00'),(288,'2020-01-09',10,2,'08:19:00','17:27:00'),(289,'2020-01-10',10,2,'08:26:00','18:22:00'),(290,'2020-01-11',10,1,'08:46:00','20:27:00'),(291,'2020-01-12',10,2,'08:08:00','17:23:00'),(292,'2020-01-13',10,2,'08:44:00','18:04:00'),(293,'2020-01-14',10,2,'08:39:00','19:51:00'),(294,'2020-01-15',10,2,'08:09:00','20:37:00'),(295,'2020-01-16',10,2,'07:50:00','19:37:00'),(296,'2020-01-17',10,2,'07:36:00','20:37:00'),(297,'2020-01-18',10,2,'07:25:00','18:42:00'),(298,'2020-01-19',10,2,'08:33:00','17:50:00'),(299,'2020-01-20',10,2,'07:50:00','19:18:00'),(300,'2020-01-21',10,2,'07:43:00','17:45:00'),(301,'2020-01-22',10,2,'07:53:00','19:47:00'),(302,'2020-01-23',10,2,'07:21:00','19:20:00'),(303,'2020-01-24',10,2,'08:32:00','18:51:00'),(304,'2020-01-25',10,1,'08:25:00','18:52:00'),(305,'2020-01-26',10,2,'07:26:00','19:26:00'),(306,'2020-01-27',10,2,'07:30:00','19:55:00'),(307,'2020-01-28',10,1,'08:48:00','18:46:00'),(308,'2020-01-29',10,2,'08:46:00','20:50:00'),(309,'2020-01-30',10,1,'08:04:00','20:22:00'),(310,'2020-01-31',10,2,'08:06:00','18:14:00');
/*!40000 ALTER TABLE `attendance` ENABLE KEYS */;
UNLOCK TABLES;

--
-- Table structure for table `dept`
--

DROP TABLE IF EXISTS `dept`;
/*!40101 SET @saved_cs_client     = @@character_set_client */;
/*!50503 SET character_set_client = utf8mb4 */;
CREATE TABLE `dept` (
  `dept_id` int(11) NOT NULL AUTO_INCREMENT,
  `name` varchar(45) DEFAULT NULL,
  `count` int(11) DEFAULT NULL COMMENT '部门定编\n',
  PRIMARY KEY (`dept_id`)
) ENGINE=InnoDB AUTO_INCREMENT=4 DEFAULT CHARSET=utf8;
/*!40101 SET character_set_client = @saved_cs_client */;

--
-- Dumping data for table `dept`
--

LOCK TABLES `dept` WRITE;
/*!40000 ALTER TABLE `dept` DISABLE KEYS */;
INSERT INTO `dept` VALUES (1,'业务部',20),(2,'技术部',50),(3,'采购部',10);
/*!40000 ALTER TABLE `dept` ENABLE KEYS */;
UNLOCK TABLES;

--
-- Table structure for table `dict`
--

DROP TABLE IF EXISTS `dict`;
/*!40101 SET @saved_cs_client     = @@character_set_client */;
/*!50503 SET character_set_client = utf8mb4 */;
CREATE TABLE `dict` (
  `dict_id` int(11) NOT NULL AUTO_INCREMENT,
  `title` varchar(45) NOT NULL,
  `dict_type_id` int(11) DEFAULT NULL,
  PRIMARY KEY (`dict_id`)
) ENGINE=InnoDB AUTO_INCREMENT=10 DEFAULT CHARSET=utf8;
/*!40101 SET character_set_client = @saved_cs_client */;

--
-- Dumping data for table `dict`
--

LOCK TABLES `dict` WRITE;
/*!40000 ALTER TABLE `dict` DISABLE KEYS */;
INSERT INTO `dict` VALUES (1,'男',1),(2,'女',1),(3,'上海',2),(4,'北京',2),(5,'泰安',2),(6,'青岛',2),(7,'南陵',2),(8,'芜湖',2),(9,'南昌',2);
/*!40000 ALTER TABLE `dict` ENABLE KEYS */;
UNLOCK TABLES;

--
-- Table structure for table `dicttype`
--

DROP TABLE IF EXISTS `dicttype`;
/*!40101 SET @saved_cs_client     = @@character_set_client */;
/*!50503 SET character_set_client = utf8mb4 */;
CREATE TABLE `dicttype` (
  `dict_type_id` int(11) NOT NULL AUTO_INCREMENT,
  `typeName` varchar(255) NOT NULL,
  PRIMARY KEY (`dict_type_id`),
  UNIQUE KEY `typeName_UNIQUE` (`typeName`)
) ENGINE=InnoDB AUTO_INCREMENT=3 DEFAULT CHARSET=utf8;
/*!40101 SET character_set_client = @saved_cs_client */;

--
-- Dumping data for table `dicttype`
--

LOCK TABLES `dicttype` WRITE;
/*!40000 ALTER TABLE `dicttype` DISABLE KEYS */;
INSERT INTO `dicttype` VALUES (2,'城市'),(1,'性别');
/*!40000 ALTER TABLE `dicttype` ENABLE KEYS */;
UNLOCK TABLES;

--
-- Table structure for table `employee`
--

DROP TABLE IF EXISTS `employee`;
/*!40101 SET @saved_cs_client     = @@character_set_client */;
/*!50503 SET character_set_client = utf8mb4 */;
CREATE TABLE `employee` (
  `employee_id` int(11) NOT NULL AUTO_INCREMENT,
  `name` varchar(45) NOT NULL,
  `age` int(4) DEFAULT NULL,
  `gender_id` int(11) DEFAULT NULL COMMENT '性别：\n0：女；男：1',
  `city_Id` int(11) DEFAULT NULL,
  `avator` varchar(45) DEFAULT NULL COMMENT '头像\n',
  `dept_id` int(11) NOT NULL,
  `user_id` int(11) NOT NULL,
  PRIMARY KEY (`employee_id`)
) ENGINE=InnoDB AUTO_INCREMENT=11 DEFAULT CHARSET=utf8;
/*!40101 SET character_set_client = @saved_cs_client */;

--
-- Dumping data for table `employee`
--

LOCK TABLES `employee` WRITE;
/*!40000 ALTER TABLE `employee` DISABLE KEYS */;
INSERT INTO `employee` VALUES (1,'bob',20,1,3,NULL,1,2),(2,'john',22,1,4,NULL,2,4),(3,'frank',21,1,3,NULL,3,3),(4,'admin',19,1,4,NULL,1,1),(5,'sally',23,2,5,NULL,2,9),(6,'nono',22,2,6,NULL,3,10),(7,'king',20,1,4,NULL,3,5),(8,'test',20,2,5,NULL,3,7),(9,'blue',19,2,6,NULL,2,6),(10,'shy',21,1,3,NULL,1,8);
/*!40000 ALTER TABLE `employee` ENABLE KEYS */;
UNLOCK TABLES;

--
-- Table structure for table `employee_salary`
--

DROP TABLE IF EXISTS `employee_salary`;
/*!40101 SET @saved_cs_client     = @@character_set_client */;
/*!50503 SET character_set_client = utf8mb4 */;
CREATE TABLE `employee_salary` (
  `employee_salary_id` int(11) NOT NULL AUTO_INCREMENT,
  `salary_standard` float DEFAULT NULL,
  `employee_id` int(11) NOT NULL,
  PRIMARY KEY (`employee_salary_id`)
) ENGINE=InnoDB AUTO_INCREMENT=11 DEFAULT CHARSET=utf8;
/*!40101 SET character_set_client = @saved_cs_client */;

--
-- Dumping data for table `employee_salary`
--

LOCK TABLES `employee_salary` WRITE;
/*!40000 ALTER TABLE `employee_salary` DISABLE KEYS */;
INSERT INTO `employee_salary` VALUES (1,5000,1),(2,5000,2),(3,5000,3),(4,5000,4),(5,6000,5),(6,7000,6),(7,6000,7),(8,4000,8),(9,6000,9),(10,6000,10);
/*!40000 ALTER TABLE `employee_salary` ENABLE KEYS */;
UNLOCK TABLES;

--
-- Table structure for table `user`
--

DROP TABLE IF EXISTS `user`;
/*!40101 SET @saved_cs_client     = @@character_set_client */;
/*!50503 SET character_set_client = utf8mb4 */;
CREATE TABLE `user` (
  `user_id` int(11) NOT NULL AUTO_INCREMENT COMMENT '主键\n',
  `username` varchar(45) NOT NULL,
  `password` varchar(45) DEFAULT NULL,
  `isused` tinyint(2) DEFAULT NULL COMMENT '是否启用\n1：启用; 2.禁用',
  PRIMARY KEY (`user_id`),
  UNIQUE KEY `username` (`username`)
) ENGINE=InnoDB AUTO_INCREMENT=11 DEFAULT CHARSET=utf8;
/*!40101 SET character_set_client = @saved_cs_client */;

--
-- Dumping data for table `user`
--

LOCK TABLES `user` WRITE;
/*!40000 ALTER TABLE `user` DISABLE KEYS */;
INSERT INTO `user` VALUES (1,'admin','admin',1),(2,'bob','bob',1),(3,'frank','frank',2),(4,'john','john',1),(5,'king','king',1),(6,'blue','blue',1),(7,'test','test',1),(8,'sally','sally',1),(9,'nono','nono',1),(10,'shy','shy',1);
/*!40000 ALTER TABLE `user` ENABLE KEYS */;
UNLOCK TABLES;
/*!50003 SET @saved_cs_client      = @@character_set_client */ ;
/*!50003 SET @saved_cs_results     = @@character_set_results */ ;
/*!50003 SET @saved_col_connection = @@collation_connection */ ;
/*!50003 SET character_set_client  = utf8mb4 */ ;
/*!50003 SET character_set_results = utf8mb4 */ ;
/*!50003 SET collation_connection  = utf8mb4_general_ci */ ;
/*!50003 SET @saved_sql_mode       = @@sql_mode */ ;
/*!50003 SET sql_mode              = 'STRICT_TRANS_TABLES,NO_AUTO_CREATE_USER,NO_ENGINE_SUBSTITUTION' */ ;
DELIMITER ;;
/*!50003 CREATE*/ /*!50017 DEFINER=`root`@`localhost`*/ /*!50003 trigger deluser before delete on user
for each row
begin
	if OLD.user_id in (1)
    then signal SQLSTATE 'HY000' SET  MESSAGE_TEXT = "无法删除超级用户";
    end if;
end */;;
DELIMITER ;
/*!50003 SET sql_mode              = @saved_sql_mode */ ;
/*!50003 SET character_set_client  = @saved_cs_client */ ;
/*!50003 SET character_set_results = @saved_cs_results */ ;
/*!50003 SET collation_connection  = @saved_col_connection */ ;

--
-- Dumping events for database 'hrsys'
--

--
-- Dumping routines for database 'hrsys'
--
/*!40103 SET TIME_ZONE=@OLD_TIME_ZONE */;

/*!40101 SET SQL_MODE=@OLD_SQL_MODE */;
/*!40014 SET FOREIGN_KEY_CHECKS=@OLD_FOREIGN_KEY_CHECKS */;
/*!40014 SET UNIQUE_CHECKS=@OLD_UNIQUE_CHECKS */;
/*!40101 SET CHARACTER_SET_CLIENT=@OLD_CHARACTER_SET_CLIENT */;
/*!40101 SET CHARACTER_SET_RESULTS=@OLD_CHARACTER_SET_RESULTS */;
/*!40101 SET COLLATION_CONNECTION=@OLD_COLLATION_CONNECTION */;
/*!40111 SET SQL_NOTES=@OLD_SQL_NOTES */;

-- Dump completed 
-- SQL
/*

#验证数据
select * from user;
select * from dept;
select * from employee;
select * from employee_salary;
select * from dict;
select * from attendance;
select * from dicttype;

#select
select * from user where username = 'admin' or 1 and password = 's' and isused = 1;
select * from user where username like '%a%';
select * from user where isused = 1;
select * from user where username like '%a%' and isused = 1;
select * from dept where 1=1;
select * from user where 1=1 ;
select employee_salary.* ,employee.name 
from employee_salary,employee
where employee_salary.employee_id=employee.employee_id  and employee_salary_id=1;

select e.employee_id eid, e.name ename, e.age ,  #employee表数据
u.username uname, #外连接用户表用户名数据
di_gender.title gender, di_city.title city, #外连接字典 性别和城市数据  #验证数据 e.gender_id genderid,di_gender.dict_id ,
de.name deptname #外连接部门表 部门名称数据
from employee as e
left outer join user as u #外连接用户表
on e.user_id=u.user_id 
left outer join dict as di_gender #外连接字典表  性别
on e.gender_id=di_gender.dict_id
left outer join dict as di_city #外连接字典表 城市
on e.city_Id=di_city.dict_id
left outer join dept as de #外连接部门表
on e.dept_id=de.dept_id
where 1=1 #and e.employee_id = 1 or e.name;
order by eid;


select * from employee where gender_id=4;

select es.* ,e.name ename,e.employee_id eid
from employee_salary as es
right outer join employee as e
on es.employee_id=e.employee_id;

select * from employee where city_Id in (4,5) or gender_id in (1);
select * from employee where city_Id in (1) or gender_id in (1);

select 
(select dept.count from dept where dept.dept_id = 1) < #20
(select count(employee_id) from employee where dept_id = 1)  `check`; #3

select (select count(employee_id) from employee where dept_id = 1) as `emp_dept_count`,dept.count from dept where dept_id = 1;
select count(employee_id) from employee where dept_id = 9;
select * from employee where dept_id in (1,2);
select 2>1;
select dict_id,title,typename from dict,dicttype where dict.dict_type_id = dicttype.dict_type_id ;

select dict_id, title, dict.dict_type_id,  typeName from dict 
join dicttype on dict.dict_type_id = dicttype.dict_type_id
where  dict_id in (1,2,3,4,5);

select * from attendance where employee_id = 2;

select attendance.*,employee.name ename 
from attendance,employee 
where attendance.employee_id=employee.employee_id  
and attendance.attendance_date='2020-6-1';

#insert
insert into dict(title,dict_type_id) values('',5);
insert into employee(name, age, gender_id, city_Id,dept_id, user_id) values();

#delete
delete from user where user_id = 2;
delete from user where user_id in (13,14,15);
delete from employee where employee_id = 2;

#update
update user set isused = 2 where user_id = 3;
update dept set count = 20 where dept_id = 1;
*/